Workbook

Sheet README
A1: AKSHAYA PATRA — AGENTIC PRODUCTION PLANNING DATASET
A3: Purpose: this dataset is designed to test whether an agent can reason across
A4: interdependent variables, not just retrieve fields. Each sheet maps to a
A5: specific reasoning capability and includes at least one deliberately
A6: misleading data point that only resolves correctly with cross-referencing.
A8: SHEETS
A9: Programmes - criticality tier, independent of volume
A10: Centres - capacity ceilings, equipment constraints
A11: Supplier_Delivery_History - raw per-cycle deliveries (long format)
A12: Supplier_Reliability_Summary - LIVE FORMULAS: naive vs pressure-adjusted score
A13: Decision_Log_Programme - planned vs actual, at programme granularity
A14: Decision_Log_Aggregate - centre-level totals (what a normal report shows)
... A38: not by treating any single row as the full answer.

Sheet Programmes
A1: programme_id | B1: name | C1: criticality_tier | D1: nutritional_flag | E1: typical_daily_volume_meals | F1: reversibility_if_missed
A2: PRG-001 | B2: Mid-Day Meal - Government Schools | C2: Tier 3 - Standard | D2: Balanced calorie/protein meal, no special micronutrient mandate | E2: 34000 | F2: High - can be made up next day without medical consequence
A3: PRG-002 | B3: Anganwadi Take-Home Ration (Iron-Fortified) | C3: Tier 1 - Critical | D3: Iron-fortified; targets anemia in children under 6; requires green leafy vegetables + fortified rice as recipe-locked inputs | E3: 4200 | F3: Low - part of a medically supervised anemia intervention; a missed day breaks the supplementation cycle
A4: PRG-003 | B4: Adolescent Girls Anemia & Nutrition Programme | C4: Tier 1 - Critical | D4: Iron + folic acid fortified meal; clinically tracked cohort | E4: 1900 | F4: Low - clinically tracked; missed doses are reported upstream to health department
A5: PRG-004 | B5: Mid-Day Meal - Government Schools (New Expansion Order) | C5: Tier 2 - High | D5: Standard meal, but politically/contractually high-visibility as a fresh government commitment | E5: 0 | F5: Medium - reputational and contractual exposure if a brand-new government order is missed on day one
A6: PRG-005 | B6: Pregnant & Lactating Women Nutrition Support | C6: Tier 1 - Critical | D6: Fortified khichdi/porridge; recipe shares fortified rice with PRG-002 | E6: 1500 | F6: Low - maternal nutrition programme, missed servings flagged to health authorities

Sheet Centres
A1: centre_id | B1: name | C1: base_daily_capacity_meals | D1: equipment_notes | E1: role_in_dataset
A2: C1 | B2: Bangalore - Whitefield | C2: 50000 | D2: Two steam-cooking lines, no single-line dependency | E2: HAPPY PATH - clean 3-cycle record
A3: C2 | B3: Hyderabad - Kukatpally | C3: 50000 | D3: Single fortification line shared across Tier 1 programmes | E3: EDGE CASE - hit aggregate target by quietly deprioritising a Tier 1 programme
A4: C3 | B4: Pune - Hadapsar | C4: 45000 | D4: Depends on single vegetable supplier for leafy greens | E4: EDGE CASE - supplier reliable for 2 cycles, missed a critical commitment under surge pressure
A5: C4 | B5: Jaipur - Mansarovar | C5: 38000 | D5: Fortified-rice stock is shared/pooled across two recipes (PRG-002 and PRG-005) without a hard reservation system | E5: EDGE CASE - mid-cycle reversal caused by an uncaught ingredient dependency
A6: C5 | B6: Delhi - Rohini | C6: 42000 | D6: Currently near steady-state capacity ceiling | E6: Receives an unplanned demand surge (new government order) on the day being reasoned over

Sheet Supplier_Delivery_History
A1: supplier_id | B1: supplier_name | C1: supplies_ingredient | D1: serves_centres | E1: cycle | F1: committed_kg | G1: delivered_kg | H1: on_time | I1: quality_pass | J1: load_condition | K1: delivery_ratio | L1: note
A2: SUP-101 | B2: Sunrise Grains Co. | C2: Rice (standard) | D2: C1 | E2: Day1 | F2: 8000 | G2: 8000 | H2: =TRUE() -> TRUE | I2: =TRUE() -> TRUE | K2: =G2/F2 -> 1
A3: SUP-101 | B3: Sunrise Grains Co. | C3: Rice (standard) | D3: C1 | E3: Day2 | F3: 8000 | G3: 8000 | H3: =TRUE() -> TRUE | I3: =TRUE() -> TRUE | K3: =G3/F3 -> 1
A4: SUP-101 | B4: Sunrise Grains Co. | C4: Rice (standard) | D4: C1 | E4: Day3 | F4: 8200 | G4: 8200 | H4: =TRUE() -> TRUE | I4: =TRUE() -> TRUE | K4: =G4/F4 -> 1
A5: SUP-204 | B5: AgroFresh Vegetables | C5: Green leafy vegetables (spinach/methi) - recipe-locked input for PRG-002 (Tier 1) | D5: C3 | E5: Day1 | F5: 1200 | G5: 1200 | H5: =TRUE() -> TRUE | I5: =TRUE() -> TRUE | J5: steady-state | K5: =G5/F5 -> 1
A6: SUP-204 | B6: AgroFresh Vegetables | C6: Green leafy vegetables (spinach/methi) - recipe-locked input for PRG-002 (Tier 1) | D6: C3 | E6: Day2 | F6: 1200 | G6: 1180 | H6: =TRUE() -> TRUE | I6: =TRUE() -> TRUE | J6: steady-state | K6: =G6/F6 -> 0.98333333
A7: SUP-204 | B7: AgroFresh Vegetables | C7: Green leafy vegetables (spinach/methi) - recipe-locked input for PRG-002 (Tier 1) | D7: C3 | E7: Day3 | F7: 1900 | G7: 900 | H7: =FALSE() -> FALSE | I7: =TRUE() -> TRUE | J7: demand surge (+35% order) | K7: =G7/F7 -> 0.47368421 | L7: Missed 53% of committed volume specifically on the one cycle load exceeded steady-state. This is the ONLY data point that matters for tomorrow's surge-day forecast, but a naive rolling average buries it under two clean cycles.
A8: SUP-317 | B8: Delta Dairy | C8: Milk | D8: C2, C5 | E8: Day1 | F8: 3000 | G8: 3000 | H8: =TRUE() -> TRUE | I8: =TRUE() -> TRUE | K8: =G8/F8 -> 1
A9: SUP-317 | B9: Delta Dairy | C9: Milk | D9: C2, C5 | E9: Day2 | F9: 3000 | G9: 3000 | H9: =TRUE() -> TRUE | I9: =TRUE() -> TRUE | K9: =G9/F9 -> 1
A10: SUP-317 | B10: Delta Dairy | C10: Milk | D10: C2, C5 | E10: Day3 | F10: 3100 | G10: 3100 | H10: =TRUE() -> TRUE | I10: =TRUE() -> TRUE | K10: =G10/F10 -> 1
A11: SUP-450 | B11: Rajasthan Fortified Mills | C11: Fortified rice - shared recipe input for PRG-002 and PRG-005 | D11: C4 | E11: Day1 | F11: 2000 | G11: 2000 | H11: =TRUE() -> TRUE | I11: =TRUE() -> TRUE | K11: =G11/F11 -> 1
A12: SUP-450 | B12: Rajasthan Fortified Mills | C12: Fortified rice - shared recipe input for PRG-002 and PRG-005 | D12: C4 | E12: Day2 | F12: 2000 | G12: 2000 | H12: =TRUE() -> TRUE | I12: =TRUE() -> TRUE | K12: =G12/F12 -> 1 | L12: Delivery itself was fine - the Day2 problem was downstream allocation, not supply. See decision_log C4 Day2 reversal.
A13: SUP-450 | B13: Rajasthan Fortified Mills | C13: Fortified rice - shared recipe input for PRG-002 and PRG-005 | D13: C4 | E13: Day3 | F13: 2100 | G13: 2100 | H13: =TRUE() -> TRUE | I13: =TRUE() -> TRUE | K13: =G13/F13 -> 1

Sheet Supplier_Reliability_Summary
A1: supplier_id | B1: supplier_name | C1: naive_reliability_score | D1: pressure_adjusted_reliability_score | E1: tested_under_surge | F1: risk_flag | G1: reasoning_note
A2: SUP-101 | B2: Sunrise Grains Co. | C2: =AVERAGEIF(Supplier_Delivery_History!$A$2:$A$13,A2,Supplier_Delivery_History!$K$2:$K$13) -> 1 | D2: =IFERROR(AVERAGEIFS(Supplier_Delivery_History!$K$2:$K$13,Supplier_Delivery_History!$A$2:$A$13,A2,Supplier_Delivery_History!$J$2:$J$13,"*surge*"),C2) -> 1 | E2: =IFERROR(IF(AVERAGEIFS(Supplier_Delivery_History!$K$2:$K$13,Supplier_Delivery_History!$A$2:$A$13,A2,Supplier_Delivery_History!$J$2:$J$13,"*surge*")<>"",TRUE(),FALSE()),FALSE()) -> FALSE | F2: =IF(D2<0.6,"HIGH RISK",IF(D2<0.8,"WATCH","OK")) -> OK | G2: Clean record.
A3: SUP-204 | B3: AgroFresh Vegetables | C3: =AVERAGEIF(Supplier_Delivery_History!$A$2:$A$13,A3,Supplier_Delivery_History!$K$2:$K$13) -> 0.81900585 | D3: =IFERROR(AVERAGEIFS(Supplier_Delivery_History!$K$2:$K$13,Supplier_Delivery_History!$A$2:$A$13,A3,Supplier_Delivery_History!$J$2:$J$13,"*surge*"),C3) -> 0.47368421 | E3: =IFERROR(IF(AVERAGEIFS(Supplier_Delivery_History!$K$2:$K$13,Supplier_Delivery_History!$A$2:$A$13,A3,Supplier_Delivery_History!$J$2:$J$13,"*surge*")<>"",TRUE(),FALSE()),FALSE()) -> TRUE | F3: =IF(D3<0.6,"HIGH RISK",IF(D3<0.8,"WATCH","OK")) -> HIGH RISK | G3: RECENCY_VS_PRESSURE - naive average (83%) reads as reliable; performance under the one load condition matching tomorrow's forecast (surge) was 47% of commitment. Treat as high-risk for any surge-day plan, not as a reliable supplier having an off day.
A4: SUP-317 | B4: Delta Dairy | C4: =AVERAGEIF(Supplier_Delivery_History!$A$2:$A$13,A4,Supplier_Delivery_History!$K$2:$K$13) -> 1 | D4: =IFERROR(AVERAGEIFS(Supplier_Delivery_History!$K$2:$K$13,Supplier_Delivery_History!$A$2:$A$13,A4,Supplier_Delivery_History!$J$2:$J$13,"*surge*"),C4) -> 1 | E4: =IFERROR(IF(AVERAGEIFS(Supplier_Delivery_History!$K$2:$K$13,Supplier_Delivery_History!$A$2:$A$13,A4,Supplier_Delivery_History!$J$2:$J$13,"*surge*")<>"",TRUE(),FALSE()),FALSE()) -> FALSE | F4: =IF(D4<0.6,"HIGH RISK",IF(D4<0.8,"WATCH","OK")) -> OK | G4: Clean record.
A5: SUP-450 | B5: Rajasthan Fortified Mills | C5: =AVERAGEIF(Supplier_Delivery_History!$A$2:$A$13,A5,Supplier_Delivery_History!$K$2:$K$13) -> 1 | D5: =IFERROR(AVERAGEIFS(Supplier_Delivery_History!$K$2:$K$13,Supplier_Delivery_History!$A$2:$A$13,A5,Supplier_Delivery_History!$J$2:$J$13,"*surge*"),C5) -> 1 | E5: =IFERROR(IF(AVERAGEIFS(Supplier_Delivery_History!$K$2:$K$13,Supplier_Delivery_History!$A$2:$A$13,A5,Supplier_Delivery_History!$J$2:$J$13,"*surge*")<>"",TRUE(),FALSE()),FALSE()) -> FALSE | F5: =IF(D5<0.6,"HIGH RISK",IF(D5<0.8,"WATCH","OK")) -> OK | G5: SUPPLY_NOT_THE_RISK - this supplier is clean. The C4 incident was caused by two Tier-1 recipes drawing on one unreserved stock pool, which no supplier-side metric would ever surface.

Sheet Decision_Log_Programme
A1: centre_id | B1: cycle | C1: programme_id | D1: planned_meals | E1: actual_meals | F1: fulfilment_ratio | G1: flag_or_note
A2: C2 | B2: Day1 | C2: PRG-001 | D2: 34000 | E2: 34500 | F2: =E2/D2 -> 1.0147059
A3: C2 | B3: Day1 | C3: PRG-002 | D3: 4200 | E3: 3600 | F3: =E3/D3 -> 0.85714286
A4: C2 | B4: Day1 | C4: PRG-003 | D4: 1900 | E4: 1900 | F4: =E4/D4 -> 1
A5: C2 | B5: Day2 | C5: PRG-001 | D5: 34200 | E5: 34700 | F5: =E5/D5 -> 1.0146199
A6: C2 | B6: Day2 | C6: PRG-002 | D6: 4200 | E6: 3450 | F6: =E6/D6 -> 0.82142857
A7: C2 | B7: Day2 | C7: PRG-003 | D7: 1900 | E7: 1900 | F7: =E7/D7 -> 1
A8: C2 | B8: Day3 | C8: PRG-001 | D8: 34000 | E8: 34600 | F8: =E8/D8 -> 1.0176471
A9: C2 | B9: Day3 | C9: PRG-002 | D9: 4200 | E9: 3300 | F9: =E9/D9 -> 0.78571429
A10: C2 | B10: Day3 | C10: PRG-003 | D10: 1900 | E10: 1900 | F10: =E10/D10 -> 1
A11: C3 | B11: Day3 | C11: PRG-002 | D11: 4200 | E11: 1900 | F11: =E11/D11 -> 0.45238095 | G11: Green leafy vegetable shortage from SUP-204 forced a recipe substitution that dropped fortification compliance for ~55% of servings.
A13: C4 DAY2 MID-CYCLE REVERSAL TIMELINE (see Decision_Log_Aggregate root_cause for summary):
A14: 05:30 - Production plan finalised: PRG-002 (Anganwadi, Tier 1) and PRG-005 (Pregnant & Lactating, Tier 1) both scheduled to draw from the same 2,000kg fortified-rice stock pool, each planner unaware the other had claimed it.
A15: 08:15 - PRG-002 production line draws 1,400kg fortified rice as planned.
A16: 09:40 - PRG-005 line requests its allocated 900kg fortified rice; only 600kg remains. Shortfall discovered mid-cook, not at planning time.
A17: 09:55 - DECISION REVERSED: PRG-005 batch already partially prepared with non-fortified rice base is scrapped; centre pivots to a reduced-fortification interim recipe pending emergency restock, and escalates to Regional Manager.
A18: 11:30 - Emergency 500kg fortified rice delivery arranged from a neighbouring centre's buffer stock; PRG-005 resumes at 70% of planned volume, 2 hours behind schedule.
A20: Root cause: Fortified rice was tracked as a single undifferentiated stock line rather than being reserved per programme at planning time. The ingredient dependency between two Tier 1 recipes sharing one input was never made visible until the physical stock ran out on the line.

Sheet Decision_Log_Aggregate
A1: centre_id | B1: cycle | C1: planned_meals | D1: actual_meals | E1: capacity_utilisation | F1: programme_breakdown_ok | G1: flags
A2: C1 | B2: Day1 | C2: 49500 | D2: 49400 | E2: 0.988 | F2: =TRUE() -> TRUE
A3: C1 | B3: Day2 | C3: 49800 | D3: 49700 | E3: 0.994 | F3: =TRUE() -> TRUE
A4: C1 | B4: Day3 | C4: 49600 | D4: 49600 | E4: 0.992 | F4: =TRUE() -> TRUE
A5: C2 | B5: Day1 | C5: 49000 | D5: 48900 | E5: 0.978 | F5: =FALSE() -> FALSE | G5: Tier 1 programme PRG-002 under-produced by 14%, offset by over-producing Tier 3 PRG-001. Aggregate output (99.8% of plan) hides this.
A6: C2 | B6: Day2 | C6: 49200 | D6: 48950 | E6: 0.981 | F6: =FALSE() -> FALSE | G6: Same pattern repeats: Tier 1 PRG-002 shortfall widening (18%), masked by Tier 3 over-production. This is now a trend, not a one-off.
A7: C2 | B7: Day3 | C7: 49000 | D7: 48980 | E7: 0.9996 | F7: =FALSE() -> FALSE | G7: EDGE CASE: 3-cycle trend of a Tier 1 (nutritionally critical, clinically tracked) programme being silently under-delivered while the centre reports 99.96% of aggregate target. A volume-only dashboard rates this centre as top-performing. Root cause: shared fortification-line capacity is being allocated to the larger, easier-to-produce Tier 3 programme first.
A8: C3 | B8: Day1 | C8: 44000 | D8: 43950 | E8: 0.977 | F8: =TRUE() -> TRUE
A9: C3 | B9: Day2 | C9: 44200 | D9: 44100 | E9: 0.9977 | F9: =TRUE() -> TRUE
A10: C3 | B10: Day3 | C10: 51000 | D10: 47200 | E10: 0.925 | F10: =FALSE() -> FALSE | G10: EDGE CASE: demand surge (+35% order) exposed SUP-204 under load. Missed vegetable delivery cascaded directly into a Tier 1 programme shortfall. This was the first time this supplier was tested under surge conditions - two prior clean cycles gave no warning.
A11: C4 | B11: Day1 | C11: 37500 | D11: 37400 | E11: 0.997 | F11: =TRUE() -> TRUE
A12: C4 | B12: Day2 | C12: 37800 | D12: 37200 | E12: 0.984 | F12: =FALSE() -> FALSE | G12: EDGE CASE - MID-CYCLE REVERSAL: the value of this data point is not the shortfall itself but that the failure was invisible at planning time and only surfaced through physical depletion. A retrieval system checking 'is there 2,000kg of fortified rice' would have said yes - the actual failure was an allocation/reservation gap between two competing claims on the same input.
A13: C4 | B13: Day3 | C13: 38000 | D13: 37950 | E13: 0.9987 | F13: =TRUE() -> TRUE | G13: Post-incident: centre now manually double-checks shared-ingredient allocation before finalising plan. No systemic fix yet - this is exactly the check the agent should automate.

Sheet Planning_Report_Day4
A1: centre_id | B1: programme_id | C1: meals_required | D1: ingredient_item | E1: kg_required | F1: supplier_id | G1: note
A2: C1 | B2: PRG-001 | C2: 34500 | D2: Rice (standard) | E2: 4200 | F2: SUP-101
A3: C1 | B3: PRG-003 | C3: 2000 | D3: Fortified porridge mix | E3: 300 | F3: SUP-101
A4: C2 | B4: PRG-001 | C4: 34500 | D4: Rice (standard) | E4: 4150 | F4: SUP-317
A5: C2 | B5: PRG-002 | C5: 4200 | D5: Fortified rice | E5: 500 | F5: SUP-317
A6: C2 | B6: PRG-002 | C6: 4200 | D6: Milk | E6: 200 | F6: SUP-317
A7: C2 | B7: PRG-003 | C7: 1900 | D7: Fortified porridge mix | E7: 280 | F7: SUP-317
A8: C3 | B8: PRG-001 | C8: 34000 | D8: Rice (standard) | E8: 4100
A9: C3 | B9: PRG-002 | C9: 5000 | D9: Green leafy vegetables | E9: 1900 | F9: SUP-204 | G9: Volume raised vs prior cycles due to a newly added anemia-monitoring cohort - this is the second consecutive above-steady-state ask placed on SUP-204.
A10: C4 | B10: PRG-002 | C10: 4200 | D10: Fortified rice | E10: 1400 | F10: SUP-450
A11: C4 | B11: PRG-005 | C11: 1500 | D11: Fortified rice | E11: 900 | F11: SUP-450
A12: C5 | B12: PRG-001 | C12: 34000 | D12: Rice (standard) | E12: 4050
A13: C5 | B13: PRG-004 | C13: 12000 | D13: Rice (standard) | E13: 1450 | G13: SURGE: newly confirmed government order received last night expanding Mid-Day Meal coverage to 18 additional schools starting today. Not present in any prior planning cycle. Centre C5 base capacity is 42,000 meals/day; combined ask (34,000 + 12,000 = 46,000) is 109% of stated capacity.
A14: C5 | B14: PRG-004 | C14: 12000 | D14: Milk | E14: 600 | F14: SUP-317 | G14: SURGE: newly confirmed government order received last night expanding Mid-Day Meal coverage to 18 additional schools starting today. Not present in any prior planning cycle. Centre C5 base capacity is 42,000 meals/day; combined ask (34,000 + 12,000 = 46,000) is 109% of stated capacity.

Sheet Inventory_Day4
A1: centre_id | B1: item | C1: on_hand_kg | D1: on_hand_units_note | E1: incoming_supplier_id | F1: incoming_expected_kg | G1: incoming_confidence | H1: confidence_basis_or_note
A2: C1 | B2: Rice (standard) | C2: 4300 | E2: SUP-101 | F2: 4200 | G2: high
A3: C1 | B3: Fortified porridge mix | C3: 320
A4: C2 | B4: Rice (standard) | C4: 4100 | E4: SUP-317 | F4: 4150 | G4: high
A5: C2 | B5: Fortified rice | C5: 480 | E5: SUP-317 | F5: 500 | G5: high
A6: C2 | B6: Milk | C6: 210 | E6: SUP-317 | F6: 200 | G6: high
A7: C2 | B7: Shared fortification-line capacity | D7: 1 line, ~5600 meal-equivalents/day max throughput | H7: This is the true constraint behind the Day1-3 PRG-002 shortfall - not an ingredient stockout, a shared-equipment ceiling that planning has been resolving in favour of the larger programme by default.
A8: C3 | B8: Rice (standard) | C8: 4200 | F8: 4100 | G8: high
A9: C3 | B9: Green leafy vegetables | C9: 150 | E9: SUP-204 | F9: 1900 | G9: LOW | H9: Pressure-adjusted reliability score 0.35 (see supplier file); this delivery volume (1900kg) exceeds the 1200kg steady-state commitment this supplier has ever cleanly met, and matches the load profile under which it failed last cycle.
A10: C4 | B10: Fortified rice | C10: 2100 | E10: SUP-450 | F10: 2100 | G10: high | H10: Combined draw today is PRG-002 (1400kg) + PRG-005 (900kg) = 2300kg against 2100kg on hand + 2100kg incoming. Nominally enough, but the Day2 incident shows this centre has no per-programme reservation - both lines will draw from one pool again unless the agent enforces a split allocation before production starts.
A11: C5 | B11: Rice (standard) | C11: 5600 | F11: 5500 | G11: high
A12: C5 | B12: Milk | C12: 700 | E12: SUP-317 | F12: 600 | G12: high
A13: C5 | B13: Production line capacity | D13: 42,000 meals/day steady-state ceiling | H13: Today's combined ask (PRG-001 34,000 + PRG-004 surge 12,000 = 46,000) exceeds this by ~4,000 meals. Ingredients are sufficient; the constraint is physical throughput, and it is the one constraint no ingredient-level check will ever catch.
